rank,book,authors,year,country,language
2126,Soul and Other Stories,Andrey Platonov,1999,Russian,Russian
2360,Satantango,László Krasznahorkai,1985,Hungarian,Hungarian
1101,The Unwomanly Face Of War,Svetlana Alexievich,1985,Russian,Russian
3398,The Complete Fiction Of Bruno Schulz,Bruno Schulz,1989,Polish,Polish
9555,F Letter,"Galina Rymbu , Eugene Ostashevsky , Ainsley Morse",2021,Russian,Russian
8024,Carbide,Andriy Lyubka,2014,Ukrainian,Ukrainian
5004,The Ministry Of Pain,Dubravka Ugrešić,2004,Croatian,Croatian
6626,The Silent Steppe,Mukhamet Shayakhmetov,2006,Kazakh,English
547,I Served The King Of England,Bohumil Hrabal,1983,Czech,Czech
418,The Bridge on the Drina,Ivo Andrić,1945,Bosnian,Serbo-croatian
3496,The Eighth Life,Nino Haratishvili,2014,Georgian,German
6964,Klotsvog,Margarita Khemlin,2009,Russian,Russian
5549,A Wake For The Living,Radmila Lazić,1996,Serbian,Serbian
6964,A Short Border Handbook,Gazmend Kapllani,2009,Greek,Albanian
3570,Memoirs Of A Revolutionist,Vera Figner,1920,Russian,Russian
9006,The Vanishing Generation,Bagila Bukharbayeva,2019,Uzbek,English
3570,Trans-Atlantyk,Witold Gombrowicz,1953,Polish,Polish
2504,"Journal, 1935 44",Mihail Sebastian,1996,Romanian,Romanian
1697,The Bedbug And Selected Poetry,Vladimir Mayakovsky,1920,Russian,Russian
1655,Evenings On A Farm Near Dikanka,Nikolai Gogol,1831,Russian,Russian
1334,My Name Is Aram,William Saroyan,1940,American,English
8024,Walker On Water,Kristiina Ehin,2014,Estonian,Estonian
93,Demons,Fyodor Dostoevsky,1872,Russian,Russian
5335,The Moscoviad,Yuri Andrukhovych,1993,Ukrainian,Ukrainian
9006,Of Strangers And Bees,Hamid Ismailov,2019,Uzbek,Uzbek
2149,Bai Ganyo,Aleko Konstantinov,1895,Bulgarian,Bulgarian
8353,The Natashas,Yelena Moskovich,2016,Russian,English
3570,"Oh, These Times",Catherine the Great,1790,Russian,Unknown
7561,Quiet Flows The Una,Faruk Šehić,2011,Bosnian,Bosnian
6854,The Good Life Elsewhere,Vladimir Lorchenkov,2008,Russian,Russian
5549,Medea And Her Children,Lyudmila Ulitskaya,1996,Russian,Russian
7702,A Spare Life,Lidija Dimkovksa,2012,Macedonian,Macedonian
5498,Zuleikha,Guzel Yakhina,2015,Russian,Russian
98,The Unbearable Lightness of Being,Milan Kundera,1984,Czech,Czech
4391,Out Of The Fire,"Ales Adamovich , Yanka Bryl , Vladimir Kolesnik",1981,Belarusian,Russian
3570,White Shroud,Antanas Škėma,1958,Lithuanian,Lithuanian
4491,The Zone,Sergei Dovlatov,1982,Russian,Russian
931,A Tomb for Boris Davidovich,Danilo Kiš,1976,Serbian,Serbo-croatian
4038,Fieldwork In Ukrainian Sex,Oksana Zabuzhko,1996,Ukrainian,Ukrainian
3501,Natural Novel,Georgi Gospodinov,1999,Bulgarian,Bulgarian
8353,The Diary Of A Gulag Prison Guard 1935 6,Ivan Chistyakov,2016,Russian,Russian
8353,The Harvest Of Chronos,Mojca Kumerdej,2016,Slovenian,Slovenian
6553,Three Apples Fell From The Sky,Narine Abgaryan,2015,Armenian,Russian
5335,Imperium,Ryszard Kapuscinski,1993,Polish,Polish
7084,Voroshilovgrad,Serhiy Zhadan,2010,Ukrainian,Ukrainian
7084,Flight From The Ussr,Dato Turashvili,2010,Georgian,Georgian
6964,There Once Lived A Woman Who Tried To Kill Her Neighbour’s Baby,Ludmila Petrushevskaya,2009,Russian,Russian
1446,Flights,Olga Tokarczuk,2007,Polish,Polish
34,The Master and Margarita,Mikhail Bulgakov,1967,Russian,Russian
1218,Death and the Dervish,Meša Selimović,1966,Bosnian,Serbo-croatian
4123,Each Day Catches Fire,Imants Ziedonis,1978,Latvian,Latvian
9006,"Rock, Paper, Scissors And Other Stories",Maxim Osipov,2019,Russian,Russian
8024,Night Circus And Other Stories,Ursula Kovalyk,2014,Slovak,Unknown
4680,Helping Verbs Of The Heart,Peter Esterhazy,1985,Hungarian,Hungarian
8547,Other Russias,Victoria Lomasko,2017,Russian,Russian
5570,Life Begins On Friday,Ioana Pârvulescu,2009,Romanian,Romanian
3570,The White Ship,Chinghiz Aitmatov,1970,Kyrgyz,Russian
8747,Negative Space,Luljeta Lleshanaku,2018,Albanian,Albanian
800,The Captive Mind,Czesław Miłosz,1953,Polish,Polish
773,The Life Of Arseniev,Ivan Bunin,1930,Russian,Russian
1581,Nostalgia,Mircea Cărtărescu,1989,Romanian,Romanian
1169,Drive Your Plow Over the Bones of the Dead,Olga Tokarczuk,2009,Polish,Polish
8024,Alindarka’s Children,Alhierld Bakharevich,2014,Belarusian,Belarusian
3570,Days In The Caucasus,Banine,1945,French,French
1251,Odessa Stories,Isaac Babel,1923,Ukrainian,Russian
4491,Five Plays,Goran Stefanovski,1982,Macedonian,Macedonian
3570,Childe Harold Of Dysna,Moyshe Kulbak,1939,Belarusian,Yiddish
6553,The Mountain And The Wall,Alisa Ganieva,2015,Russian,Russian
6135,Thank You For Not Reading,Dubravka Ugrešić,2001,Croatian,Croatian
6212,The Lost Country,Luminița Cioabă,2002,Romanian,Unknown
9208,Russia Is Burning,Maria Bloshteyn,2020,Russian,English
5004,Dancing In Odessa,Ilya Kaminsky,2004,Ukrainian,English
3570,On Sunday Morning She Gathered Herbs,Olha Kobylianska,1909,Ukrainian,Ukrainian
2195,Resurrection,Leo Tolstoy,1899,Russian,Russian
3570,Notes From The Blockade,Lydia Ginzburg,1960,Russian,Russian
9555,The King Of The Rattling Spirits,Miha Mazzini,2021,Slovenian,Slovenian
1643,The Life Written By Himself,the Archpriest Avvakum,1666,Russian,Russian
9208,Memory Rose Into Threshold Speech,Paul Celan,2020,German,German
8353,Panorama,Dušan Šarotar,2016,Slovenian,Slovene
135,One Day in the Life of Ivan Denisovich,Aleksandr Solzhenitsyn,1962,Russian,Russian
5024,The Snows Of Yesteryear,Gregor von Rezzori,1989,Austrian,German
738,The Case of Comrade Tulayev,Victor Serge,1949,French,French
3570,The Temptation To Exist,Emil Cioran,1956,Romanian,French
9208,My Husband,Rumena Bužarovska,2020,Macedonian,Macedonian
9006,Life Went On Anyway,Oleg Sentsov,2019,Ukrainian,Russian
5815,Hurramabad,Andrei Volos,1998,Russian,Russian
6534,A Dream In Polar Fog,Yuri Rytkheu,2005,Russian,Russian
6430,Heirs To The Great Sinner Sheikh San’on,Erkin A’zam,2004,Unknown,Unknown
5629,Shadows On The Tundra,Dalia Grinkevičiutė,1997,Lithuanian,Lithuanian
984,Invitation To A Beheading,Vladimir Nabokov,1935,American,Russian
1416,The Tongue Set Free,Elias Canetti,1977,Austrian,German
5388,The Crowned Wanderer,Rahim Esenov,1994,Turkmen,Unknown
364,Kolyma Stories,Varlam Shalamov,1954,Russian,Russian
2306,"Poems, New And Collected, 1957 1997",Wislawa Szymborska,1998,Polish,Polish
3570,The Memoirs Of Princess Dashkova,Ekaterina Romanovna Dashkova,1840,Russian,Russian
7084,Animalinside,"László Krasznahorkai , Max Neumann",2010,Hungarian,Hungarian
2197,The Futurological Congress,Stanislaw Lem,1971,Polish,Polish
4852,Paper Children,Mariana Marin,1987,Romanian,Romanian
4391,The Palace Of Dreams,Ismail Kadare,1981,Albanian,Albanian
1628,The Poetry of Alexander Pushkin,Alexander Pushkin,1836,Russian,Russian
